number	name	width	height	missing	error
0	卢森堡 	0.8224677	0.2630943		
1	中国 	0.5483118	0.2630943		
2	波兰 	0.5483118	0.2630943		
3	捷克斯洛伐克 	1.644935	0.2630943		
4	匈牙利 	0.8224677	0.2630943		
5	罗马尼亚 	1.096624	0.2630943		
6	保加利亚 	1.096624	0.2630943		
7	苏联 	0.5483118	0.2630943		
8	伊朗 	0.5483118	0.2630943		
9	蒙古 	0.5483118	0.2630943		
10	朝鲜 	0.5483118	0.2630943		
11	越南 	0.5483118	0.2630943		
12	阿富汗 	0.8224677	0.2630943		
13	利比亚 	0.8224677	0.2630943		
14	伊拉克 	0.8224677	0.2630943		
15	南斯拉夫 	1.096624	0.2630943		
16	东德 	0.5483118	0.2630943		
17	西德 	0.5483118	0.2630943		
18	西撒哈拉 	1.096624	0.2630943		
19	印度 	0.5483118	0.2630943		
20	阿尔巴尼亚 	1.37078	0.2630943		
21	法国 	0.5483118	0.2630943		
22	老挝 	0.5483118	0.2630943		
23	柬埔寨 	0.8224677	0.2630943		
24	南也门 	0.8224677	0.2630943		
25	北也门 	0.8224677	0.2630943		
26	芬兰 	0.5483118	0.2630943		
27	奥地利 	0.8224677	0.2630943		
28	瑞典 	0.5483118	0.2630943		
29	爱尔兰 	0.8224677	0.2630943		
30	埃及 	0.5483118	0.2630943		
31	巴基斯坦 	1.096624	0.2630943		
32	孟加拉国 	1.096624	0.2630943		
33	缅甸 	0.5483118	0.2630943		
34	泰国 	0.5483118	0.2630943		
35	叙利亚 	0.8224677	0.2630943		
36	科威特 	0.8224677	0.2630943		
37	以色列 	0.8224677	0.2630943		
38	台湾 	0.5483118	0.2630943		
39	瑞士 	0.5483118	0.2630943		
40	阿尔及利亚 	1.37078	0.2630943		
41	埃塞俄比亚 	1.37078	0.2630943		
42	索马里 	0.8224677	0.2630943		
43	尼泊尔 	0.8224677	0.2630943		
44	日本 	0.5483118	0.2630943		
45	希腊 	0.5483118	0.2630943		
46	韩国 	0.5483118	0.2630943		
47	菲律宾 	0.8224677	0.2630943		
49	马来西亚 	1.096624	0.2630943		
53	苏丹 	0.5483118	0.2630943		
54	摩洛哥 	0.8224677	0.2630943		
55	突尼斯 	0.8224677	0.2630943		
56	尼日尔 	0.8224677	0.2630943		
57	乍得 	0.5483118	0.2630943		
58	马里 	0.5483118	0.2630943		
59	毛里塔尼亚 	1.37078	0.2630943		
60	尼日利亚 	1.096624	0.2630943		
61	上沃尔特 	1.096624	0.2630943		
62	贝宁 	0.5483118	0.2630943		
63	加纳 	0.5483118	0.2630943		
64	科特迪瓦 	1.096624	0.2630943		
65	中非共和国 	1.37078	0.2630943		
66	喀麦隆 	0.8224677	0.2630943		
67	利比里亚 	1.096624	0.2630943		
68	几内亚 	0.8224677	0.2630943		
84	土耳其 	0.8224677	0.2630943		
85	意大利 	0.8224677	0.2630943		
86	西班牙 	0.8224677	0.2630943		
87	葡萄牙 	0.8224677	0.2630943		
88	比利时 	0.8224677	0.2630943		
89	荷兰 	0.5483118	0.2630943		
90	丹麦 	0.5483118	0.2630943		
91	挪威 	0.5483118	0.2630943		
92	英国 	0.5483118	0.2630943		
93	黎巴嫩 	0.8224677	0.2630943		
94	分裂的塞浦路斯 	1.919091	0.2630943		
96	斯里兰卡 	1.096624	0.2630943		
97	不丹 	0.5483118	0.2630943		
101	沙特阿拉伯 	1.37078	0.2630943		
102	阿联酋 	0.8224677	0.2630943		
103	卡塔尔 	0.8224677	0.2630943		
104	约旦 	0.5483118	0.2630943		
105	阿曼 	0.5483118	0.2630943		
106	吉布提 	0.8224677	0.2630943		
107	塞拉利昂 	1.096624	0.2630943		
108	多哥 	0.5483118	0.2630943		
